<?xml version="1.0" encoding="UTF-8"?>
<?xml-stylesheet type="text/xsl" href="index.xslt"?>
<libreria xmlns:xsi="http://www.w3.org/2001/XMLSchema-instance"
xsi:noNamespaceSchemaLocation="validador.xsd">
<lista_libros>

    <libros idlibro="fic1234()"> <!--Código de libros-->
        <titulo>En las montañas de la locura</titulo>
        <autor>H.P. Lovecraft </autor>
        <año>3/12/1936</año>
        <precio>10</precio>
        <disponible>true</disponible>
    </libros>

    <libros idlibro="fic2345()"> <!--Código de libros-->
        <titulo>1984</titulo>
        <autor>George Orwell </autor>
        <año>30/10/1949</año>
        <precio>10.50</precio>
        <disponible>true</disponible>

    </libros>

    <libros idlibro="fic4521()"> <!--Código de libros-->
        <titulo>Soy leyenda</titulo>
        <autor>Richard Matheson</autor>
        <año>29/09/1954</año>
        <precio>5.50</precio>
        <disponible>true</disponible>

    </libros>

    <libros idlibro="fic4774()"> <!--Código de libros-->
        <titulo>El fin de la eternidad</titulo>
        <autor>Isaac Asimov </autor>
        <año>28/08/1955</año>
        <precio>10</precio>
        <disponible>true</disponible>

    </libros>

    <libros idlibro="fic5555()"> <!--Código de libros-->
        <titulo>Las estrellas, mi destino</titulo>
        <autor>Alfred Bester</autor>
        <año>23/07/1956</año>
        <precio>11</precio>
        <disponible>true</disponible>

    </libros>

    <libros idlibro="fic9866()"> <!--Código de libros-->
        <titulo>Dune</titulo>
        <autor>Frank Herbert</autor>
        <año>20/06/1965</año>
        <precio>5</precio>
        <disponible>true</disponible>

    </libros>

    <libros idlibro="fic3322()"> <!--Código de libros-->
        <titulo>Matadero Cinco</titulo>
        <autor>Kurt Vonnegut</autor>
        <año>19/05/1969</año>
        <precio>10</precio>
        <disponible>true</disponible>

    </libros>
    <libros idlibro="fic6644()"> <!--Código de libros-->
        <titulo>Ubik</titulo>
        <autor>Philip K. Dick</autor>
        <año>18/04/1969</año>
        <precio>10</precio>
        <disponible>true</disponible>
    </libros> 
    <libros idlibro="fic1010()"> <!--Código de libros-->
        <titulo>La mano izquierda de la oscuridad</titulo>
        <autor>Ursula K. Le Guin</autor>
        <año>17/03/1969</año>
        <precio>10.50</precio>
        <disponible>true</disponible>

    </libros>

    <libros idlibro="fic0062()"> <!--Código de libros-->
        <titulo>El hombre hembra</titulo>
        <autor>Joanna Russ </autor>
        <año>16/02/1975</año>
        <precio>10</precio>
        <disponible>true</disponible>

    </libros>
    <libros idlibro="fic2233()"> <!--Código de libros-->
        <titulo>Guía del autoestopista galáctico</titulo>
        <autor>Douglas Adams</autor>
        <año>12/01/1979</año>
        <precio>10</precio>
        <disponible>true</disponible>

    </libros>
</lista_libros>
<proveedor>

    <nombre>pepe</nombre>
    <apellido>ficcion</apellido>
    <cif>A23456789Z</cif>
    <direccion>calle de la piruleta 5</direccion>
    <telefono>+34 530487219</telefono>
    <reparto>lunes</reparto>
    <horario>09:00</horario>


</proveedor>

</libreria>